"","ID","Description","GeneRatio","BgRatio","pvalue","p.adjust","qvalue","geneID","Count"
"mmu05022","mmu05022","Pathways of neurodegeneration - multiple diseases","258/2188","471/8997",2.90785231650761e-48,9.24697036649421e-46,4.7137816499176e-46,"17762/14810/12669/226977/54130/56436/11739/11740/11789/11836/56444/11937/11938/53313/51897/329015/76559/71679/11946/11947/66043/11949/28080/20238/20239/233871/12005/53623/12048/12028/109880/12287/12288/70405/12333/12334/19058/12367/12359/12460/12568/68942/12857/12858/12859/12864/12867/12995/13000/13001/12387/110323/12865/12866/66445/13063/13067/16594/13191/69654/53598/67665/59288/22428/13385/13542/13543/13544/108058/56228/233908/22154/14682/14763/14799/14800/14802/14816/108071/14828/56637/15114/15108/15194/215114/13665/16438/69926/93687/27373/12322/12323/12325/16572/16574/16573/16593/74764/18750/18751/18752/269881/26408/215999/67414/170731/26413/26417/26419/26420/26414/66734/67443/26395/26396/26397/26399/26400/56717/54405/17991/66091/17992/68202/67130/68375/66108/67273/69875/66414/67184/66495/68194/66046/230075/66916/67264/66218/68342/104130/68197/227197/226646/68349/595136/75406/225887/17995/72900/380684/18039/18040/14811/14812/18125/641340/57320/19132/75669/225326/18795/18797/18803/19055/19056/67738/105675/67089/19179/19182/23996/19181/19184/26440/19166/19167/26441/26442/26443/26444/73677/19170/26445/26446/19173/19175/69077/66997/23997/59029/70247/21762/22123/19185/66413/17463/57296/67151/78330/20743/18798/22273/67003/66576/67530/22272/66152/271457/17274/19353/110157/15461/16653/67790/12421/22186/78294/20190/20191/13162/66945/67680/237782/18412/20907/20617/230908/22142/22143/22146/22144/22145/53857/238463/545486/22151/73710/22152/22153/227613/67951/56480/269523/641376/53333/68015/22195/22201/22202/22223/66694/29869/56491/22333/22334/22335/74781/217695",258
"mmu05016","mmu05016","Huntington disease","181/2188","302/8997",5.16230992457322e-41,8.20807278007142e-39,4.18418804412777e-39,"14810/226977/54130/56436/11739/11740/11771/11772/71770/11773/232910/56444/51897/329015/76559/71679/11946/11947/66043/11949/28080/53623/12028/12287/12367/12914/12757/74325/67300/12857/12858/12859/12864/12867/110323/12865/12866/66445/13063/13067/16594/13191/69654/53598/67665/59288/22428/13385/20512/20511/22154/14682/14799/14800/14802/108071/15114/15194/433759/15182/215114/16438/69926/16572/16574/16573/16593/74764/269881/26408/26419/26420/26414/26400/56717/54405/17991/66091/17992/68202/67130/68375/66108/67273/69875/66414/67184/66495/68194/66046/230075/66916/67264/66218/68342/104130/68197/227197/226646/68349/595136/75406/225887/17995/72900/14812/641340/75669/225326/18795/18797/105675/67089/19179/19182/23996/19181/19184/26440/19166/19167/26441/26442/26443/26444/73677/19170/26445/26446/19173/19175/69077/66997/23997/59029/70247/21762/22123/19185/66413/17463/57296/67151/78330/18798/22273/67003/66576/67530/22272/66152/12421/66420/245841/20020/231329/66945/67680/20656/20907/22142/22143/22146/22144/22145/53857/238463/545486/22151/73710/22152/22153/227613/67951/21780/66694/29869/22333/22334/22335/74781",181
"mmu05014","mmu05014","Amyotrophic lateral sclerosis","206/2188","369/8997",4.48723879188055e-40,4.75647311939338e-38,2.42468341736703e-38,"14810/11461/226977/54130/56436/11744/11750/56444/51897/329015/76559/71679/11946/11947/66043/11949/28080/20239/233871/12048/12028/19058/12367/12359/12460/68942/12857/12858/12859/12864/12867/110323/12865/12866/66445/13063/13067/16594/13191/69654/53598/67665/59288/22428/218210/20511/13869/233908/22154/14799/14800/14828/15114/15185/13665/69926/16572/16574/16573/16593/74764/26408/17184/215999/66734/67443/26397/26399/56717/54405/17991/66091/17992/68202/67130/68375/66108/67273/69875/66414/67184/66495/68194/66046/230075/66916/67264/66218/68342/104130/68197/227197/226646/68349/595136/75406/225887/17995/72900/380684/18039/18040/14811/14812/18125/641340/103468/234865/170762/227720/18141/18226/19069/71805/269966/53319/19132/75669/225326/107939/19055/19056/18643/18645/67089/19179/19182/23996/19181/19184/26440/19166/19167/26441/26442/26443/26444/73677/19170/26445/26446/19173/19175/69077/66997/23997/59029/70247/21762/22123/19185/66413/17463/57296/67151/78330/70699/22273/67003/66576/67530/22272/66152/271457/17274/19353/66679/67790/12421/19386/15382/53379/229279/66945/67680/110379/72124/237782/18412/20383/225027/230908/22142/22143/22146/22144/22145/53857/238463/545486/22151/73710/22152/22153/227613/67951/56480/269523/641376/53333/108989/66694/29869/56491/22333/74781",206
"mmu05012","mmu05012","Parkinson disease","163/2188","264/8997",2.75624896917082e-39,2.1912179304908e-37,1.11700616119028e-37,"17762/224129/56436/11739/11740/17161/109731/71679/11946/11947/66043/11949/28080/12048/12028/70405/12367/12857/12858/12859/12864/12867/110323/12865/12866/66445/13063/13067/16594/108058/56228/22154/14677/14678/14679/14680/14683/14763/14828/13665/16438/18747/18749/12322/12323/12325/16572/16574/16573/16593/74764/26408/215999/67414/170731/26419/26420/26414/54405/17991/66091/17992/68202/67130/68375/66108/67273/69875/66414/67184/66495/68194/66046/230075/66916/67264/66218/68342/104130/68197/227197/226646/68349/595136/75406/225887/17995/72900/57320/18803/105675/67089/19179/19182/23996/19181/19184/26440/19166/19167/26441/26442/26443/26444/73677/19170/26445/26446/19173/19175/69077/66997/23997/59029/70247/21762/22123/19185/66413/17463/57296/67151/78330/22273/67003/66576/67530/22272/66152/22186/78294/67547/227059/277468/13162/66945/67680/20617/22142/22143/22146/22144/22145/53857/238463/545486/22151/73710/22152/22153/227613/67951/56551/68015/21823/22195/22201/22202/22223/66694/22333/22334/22335",163
"mmu05020","mmu05020","Prion disease","157/2188","268/8997",5.94387524352438e-34,3.78030465488151e-32,1.92706692105843e-32,"17967/14810/56436/11739/11740/71679/11946/11947/66043/11949/28080/12028/12260/12262/12287/12288/19058/12367/12389/12857/12858/12859/12864/12867/12995/13000/13001/110323/12865/12866/66445/13063/13067/16594/14360/22154/14828/56637/193740/15482/15512/15481/13665/16438/18747/18749/16572/16574/16573/16593/74764/18753/215999/26413/26417/26419/26420/26414/17968/54405/17991/66091/17992/68202/67130/68375/66108/67273/69875/66414/67184/66495/68194/66046/230075/66916/67264/66218/68342/104130/68197/227197/226646/68349/595136/75406/225887/17995/72900/14811/14812/19055/19056/105675/67089/19179/19182/23996/19181/19184/26440/19166/19167/26441/26442/26443/26444/73677/19170/26445/26446/19173/19175/69077/66997/23997/59029/70247/21762/22123/19185/66413/17463/57296/67151/78330/22273/67003/66576/67530/22272/66152/19353/19354/20190/20191/66945/67680/20867/22142/22143/22146/22144/22145/53857/238463/545486/22151/73710/22152/22153/227613/67951/66694/22333/22334/22335",157
"mmu04144","mmu04144","Endocytosis","158/2188","272/8997",1.47590525933834e-33,7.8222978744932e-32,3.98753350768604e-32,"230597/227700/78618/347722/216439/213990/218038/11771/11772/71770/11773/232910/69710/212285/56443/11867/11840/11843/11844/11845/228998/77038/66251/66713/74117/242894/74192/76709/56378/68089/67771/109689/216869/13196/211914/72685/211673/99371/30948/12345/12389/12340/12343/12402/208650/12540/68953/68942/75608/76959/105513/12757/74325/67300/19157/19158/13429/13430/103967/232227/216238/13660/259300/57440/98878/13859/13854/13855/13858/216963/26385/15239/193740/15482/15512/15481/245666/243621/71955/16396/16572/16574/16573/18759/72543/16004/83814/17999/93742/18571/18720/18719/18717/73728/74002/234353/107338/140500/19325/106572/77407/19341/271457/19344/19345/17274/54189/15461/53869/78287/74998/52055/11848/216724/70432/20405/20404/20408/58194/54673/17126/98366/69780/27681/56440/55988/67804/54198/225861/69150/69178/72183/229285/20779/70527/20844/56324/22042/22088/84092/30930/69091/52348/107305/28084/66914/56433/65114/70160/22365/116733/66201/73178/68524/330319/107568/218441/319740",158
"mmu05010","mmu05010","Alzheimer disease","197/2188","383/8997",1.06047025435276e-31,4.81756486977396e-30,2.45582585218534e-30,"17762/14810/12669/11487/56436/11739/11740/11651/23797/11785/11789/11836/11937/11938/53313/51897/329015/76559/71679/11946/11947/66043/11949/28080/12005/109880/12288/70405/12333/12334/19058/12367/12568/12857/12858/12859/12864/12867/12995/13000/13001/12387/110323/12865/12866/66445/13063/13067/16594/13542/13543/13544/15925/14433/22154/14682/108071/56637/15108/13665/16367/384783/16438/93687/27373/16572/16574/16573/16593/74764/16971/26408/215999/26413/26417/26419/26420/26414/26395/26396/26400/56717/54405/17991/66091/17992/68202/67130/68375/66108/67273/69875/66414/67184/66495/68194/66046/230075/66916/67264/66218/68342/104130/68197/227197/226646/68349/595136/75406/225887/17995/72900/16151/14811/14812/18125/641340/75669/225326/18795/18797/19055/19056/67738/105675/67089/19179/19182/23996/19181/19184/26440/19166/19167/26441/26442/26443/26444/73677/19170/26445/26446/19173/19175/69077/66997/23997/59029/70247/21762/22123/19185/66413/17463/57296/67151/78330/18798/22273/67003/66576/67530/22272/66152/110157/15461/16653/12421/20168/68585/67547/227059/277468/66945/67680/20617/22142/22143/22146/22144/22145/53857/238463/545486/22151/73710/22152/22153/227613/67951/66694/234664/29869/22333/22334/22335/74781",197
"mmu05132","mmu05132","Salmonella infection","142/2188","253/8997",4.53443196328385e-28,1.80243670540533e-26,9.18819108349621e-27,"66395/50884/11308/11461/226977/54130/11651/23797/56443/11867/11840/11845/68724/67166/56444/66713/74117/242894/74192/76709/56378/68089/67771/17920/12028/12367/12540/12387/13063/13067/20430/76884/19157/19158/16594/622434/13427/13426/235661/234663/13191/69654/53598/67665/59288/22428/67068/13424/110350/56455/68097/13430/100041194/140580/140579/22027/66482/20336/105504/53413/71999/192176/286940/68794/14433/22154/18479/70297/170760/15519/15516/16649/16648/16646/16572/16574/16573/16593/74764/26409/26413/26417/26419/26420/26414/67938/26395/26396/26397/26398/26399/26400/17113/16151/18704/18481/225326/320795/18643/18645/19878/271457/19344/19345/319642/19353/110157/56044/15461/11848/11852/56212/20130/27050/21402/66616/68652/66724/22142/22143/22146/22144/22145/53857/238463/545486/22151/73710/22152/22153/227613/67951/56551/77573/71732/80743/228545/269338/218035/245880/73178/110750",142
"mmu05017","mmu05017","Spinocerebellar ataxia","91/2188","141/8997",2.46016634470635e-24,8.69258775129577e-23,4.4311768080091e-23,"14810/56436/11739/11740/69597/11651/23797/11937/11938/53313/51897/329015/76559/20238/54138/20239/233871/53623/12286/71722/13063/13067/13131/20513/14682/14799/14800/14816/16438/16504/56543/18750/18751/18752/26408/215999/26419/26420/26414/56717/14811/14812/67134/641340/74143/75669/225326/18795/18797/105675/67089/19179/19182/23996/19181/19184/26440/19166/19167/26441/26442/26443/26444/73677/19170/26445/26446/19173/19175/69077/66997/23997/59029/70247/21762/22123/19185/66413/17463/57296/67151/80912/20743/18798/12421/20190/29869/22333/22334/22335/74781",91
"mmu01200","mmu01200","Carbon metabolism","78/2188","121/8997",5.55501773106383e-21,1.7664956384783e-19,9.00497611140873e-20,"110208/66171/353204/14718/14719/11409/11428/11429/80911/68738/60525/11532/72141/76282/108682/11674/11676/239017/12359/12974/14661/13382/93747/13806/13807/13885/14433/14381/104174/227095/216019/15275/67834/15926/15929/269951/18746/107029/109264/17436/17449/17448/104776/18293/78920/235339/18597/68263/110821/66904/18641/18642/56421/18648/56012/18655/18663/67078/19139/110639/18563/108037/71832/224530/170718/66945/67680/257635/236539/107272/56451/20916/20917/21351/110460/110446/21881/21991",78
"mmu04723","mmu04723","Retrograde endocannabinoid signaling","88/2188","148/8997",4.65408191125212e-20,1.34545277070743e-18,6.8586470271084e-19,"66082/432530/224129/11512/11514/11515/53623/12286/12287/12288/12801/269060/14073/14688/14693/14696/14701/14702/14704/14394/14396/14397/14400/14401/14402/14406/14677/14678/14679/14681/14682/14799/14800/14802/14816/108071/16438/18747/18749/16519/16522/18750/18751/18752/23945/26413/26417/26419/26420/26414/54405/17991/66091/17992/68202/67130/68375/66108/67273/69875/66414/67184/66495/68194/66046/230075/66916/67264/66218/68342/104130/68197/227197/226646/68349/595136/75406/225887/17995/72900/18795/18797/78330/18798/116837/72961/140919/22348",88
"mmu03040","mmu03040","Spliceosome","81/2188","134/8997",3.49498948218021e-19,9.26172212777755e-18,4.7213015811908e-18,"56215/71702/27967/66070/74351/72047/212880/13207/13204/53817/233908/15381/15387/76936/51810/193740/15482/15512/15481/192170/27756/67678/66441/23983/68479/66101/68816/54633/56194/28000/68988/70052/68879/192159/70767/67959/319322/64340/66810/67039/19655/15382/229279/20638/20637/20630/68981/20639/68011/67465/75062/81898/101943/107701/66055/107686/67332/66585/53607/20227/28035/66354/76938/67958/14105/110809/20382/20383/57317/20384/67996/225027/67439/56070/331401/20462/108121/22185/320632/20624/60321",81
"mmu04721","mmu04721","Synaptic vesicle cycle","53/2188","77/8997",1.59333026948468e-16,3.77885521043657e-15,1.92632804504215e-15,"11771/11772/71770/11773/232910/12286/12287/12757/74325/67300/12889/12890/235415/13429/13430/103967/20512/20511/20510/20513/18195/19339/116837/243616/232333/13162/15567/104245/240332/14664/108124/20614/20907/56216/20910/20979/382018/208898/11972/22318/11964/11966/66335/73834/11973/66144/66237/108664/11984/72961/140919/22348/11975",53
"mmu05415","mmu05415","Diabetic cardiomyopathy","106/2188","211/8997",1.66364694799094e-16,3.77885521043657e-15,1.92632804504215e-15,"11739/11740/11651/23797/11937/11938/53313/71679/11946/11947/66043/11949/28080/13033/12857/12858/12859/12864/12867/12896/110323/12865/12866/66445/108058/14433/14381/14583/14782/56637/20525/14936/16367/12322/12323/12325/18750/18751/18753/18752/26419/26420/26414/55951/70456/56717/54405/17991/66091/17992/68202/67130/68375/66108/67273/69875/66414/67184/66495/68194/66046/230075/66916/67264/66218/68342/104130/68197/227197/226646/68349/595136/75406/225887/17995/72900/18597/68263/11545/18604/236900/18795/18797/19045/19046/105675/19211/78330/18798/22273/67003/66576/67530/22272/66152/19353/19354/20191/66945/67680/17126/210789/66694/22333/22334/22335",106
"mmu04714","mmu04714","Thermogenesis","113/2188","231/8997",2.02146346382844e-16,4.28550254331628e-15,2.18459911178652e-15,"74370/108097/19082/105787/108079/56456/14081/74205/50790/216739/11461/432530/224129/11512/11514/11515/67605/93760/71679/27425/11946/11947/66043/11949/57423/28080/12801/52469/69893/12857/12858/12859/12864/12867/12894/78070/12896/110323/12865/12866/66445/29861/239985/327826/14683/14784/18747/18749/99982/277250/20111/20112/72508/26408/57279/23945/26397/56717/54405/17991/66091/17992/68202/67130/68375/66108/67273/69875/66414/67184/66495/68194/66046/230075/66916/67264/66218/68342/104130/68197/66706/73694/227197/226646/68349/595136/75406/225887/17995/72900/78330/22273/67003/66576/67530/22272/66152/15461/16653/19744/20104/66945/67680/67155/20586/57376/20588/68094/20587/20662/64930/22084/66694",113
"mmu01230","mmu01230","Biosynthesis of amino acids","53/2188","79/8997",8.85770295161448e-16,1.76046846163338e-14,8.97425167466204e-15,"353204/14718/14719/11428/11429/76282/108682/11674/11676/109900/27053/11898/12035/12036/12411/107869/12974/13806/13807/14433/14645/67834/15926/15929/269951/18746/108645/238505/11720/232087/209027/69051/66194/56454/18641/18642/56421/18648/56012/18655/18663/19139/110639/18563/108037/71832/170718/257635/236539/107272/21351/21881/21991",53
"mmu04530","mmu04530","Tight junction","88/2188","167/8997",1.60612379554023e-15,3.00439627636349e-14,1.53153600317768e-14,"51792/71978/76089/109711/108097/19082/105787/108079/11461/60595/75723/56443/11867/16800/102098/66713/74117/242894/74192/76709/56378/68089/67771/192786/21872/12540/70737/58187/18417/13383/23859/53310/54357/22350/15525/16412/18747/18749/18754/18759/16897/26408/14924/18016/231830/26419/26420/26414/67938/17698/26400/17475/56217/77579/71960/17886/17904/216459/83814/17999/26941/93742/18538/19052/19053/19878/17274/235442/19353/19684/109905/70497/11848/19877/105782/20779/13043/20869/104027/22142/22143/22146/22144/22145/53857/238463/21844/21873",88
"mmu04141","mmu04141","Protein processing in endoplasmic reticulum","89/2188","172/8997",4.73266310338513e-15,7.94443397104545e-14,4.04979421231711e-14,"23802/213539/27061/12028/12317/12330/12333/12334/56424/216197/12955/26965/13135/67838/15502/56445/81489/56812/100037258/13002/22027/66753/56228/230904/50762/218811/14376/19089/14828/15505/193740/15482/18415/15519/15516/15512/15481/12282/13665/70361/66890/26408/26419/26420/26414/57377/26400/59007/217365/386649/13200/18453/14827/12304/71853/18786/50907/99683/19358/19359/103963/20014/81910/20224/20334/77371/69162/20338/110379/69276/140740/21402/107513/20832/67437/16430/68292/75744/74126/269523/80286/105245/216080/63958/225896/67812/66530/320011/22393",89
"mmu05208","mmu05208","Chemical carcinogenesis - reactive oxygen species","107/2188","222/8997",4.74667438521583e-15,7.94443397104545e-14,4.04979421231711e-14,"11350/11352/11739/11740/58810/11651/23797/11836/57344/71679/11946/11947/66043/11949/28080/109880/12359/12408/12857/12858/12859/12864/12867/110323/12865/12866/66445/14083/56484/14784/14860/14862/14866/14873/14871/13849/13850/18753/26408/56615/66447/26413/26417/26419/26420/26414/26395/26396/26398/26400/54405/17991/66091/17992/68202/67130/68375/66108/67273/69875/66414/67184/66495/68194/66046/230075/66916/67264/66218/68342/104130/68197/227197/226646/68349/595136/75406/225887/17995/72900/16151/18104/18607/105675/19211/19246/19247/78330/22273/67003/66576/67530/22272/66152/19353/110157/15461/16653/66945/67680/20656/20662/20779/66694/22333/22334/22335",107
"mmu04724","mmu04724","Glutamatergic synapse","66/2188","113/8997",7.93058508240111e-15,1.26096302810178e-13,6.42794790889353e-14,"14810/432530/224129/11512/11514/11515/53623/12286/12288/19058/243961/210274/13385/224997/20512/20511/20510/20513/14688/14693/14696/14701/14702/14704/14645/14660/14677/14678/14679/14681/14682/14683/14799/14800/14802/14806/14807/14816/108068/108069/268934/108071/108073/14823/26556/26557/16438/18747/18749/16519/18750/18751/18752/26413/26417/14811/14812/18795/18797/19055/19056/18798/76257/58234/72961/140919",66
"mmu04720","mmu04720","Long-term potentiation","46/2188","67/8997",1.89384806189056e-14,2.86782706514856e-13,1.46191780216113e-13,"14810/432530/11514/11836/109880/12288/70405/19058/12914/108058/14682/14799/14800/14816/108071/16438/18747/18749/12322/12323/12325/12326/18750/18751/18752/20111/20112/26413/26417/26395/26396/14811/14812/18795/18797/19045/19046/19055/19056/58200/18798/110157/109905/215449/15461/16653",46
"mmu00190","mmu00190","Oxidative phosphorylation","73/2188","135/8997",7.48331994552925e-14,1.08167988303559e-12,5.51402522302155e-13,"192113/71679/27425/11946/11947/66043/11949/57423/28080/12857/12858/12859/12864/12867/110323/12865/12866/66445/13063/13067/67895/74776/54405/17991/66091/17992/68202/67130/68375/66108/67273/69875/66414/67184/66495/68194/66046/230075/66916/67264/66218/68342/104130/68197/227197/226646/68349/595136/75406/225887/17995/72900/78330/22273/67003/66576/67530/22272/66152/66945/67680/66694/11972/11964/11966/66335/73834/11973/66144/66237/108664/11984/11975",73
"mmu04140","mmu04140","Autophagy - animal","75/2188","142/8997",1.73039888333515e-13,2.39246454304599e-12,1.21959463630944e-12,"77040/74370/105787/108079/11651/23797/67605/51897/329015/76559/67841/66615/74244/12048/13030/13033/13144/93739/15289/13665/50540/18518/16367/384783/16438/18747/18749/207565/18753/72508/16783/26409/26413/26417/26419/26420/26414/66734/67443/26395/26396/74302/56717/641340/18607/75669/225326/19052/19053/19211/245860/17274/110157/15461/16653/19338/67790/12421/19744/68441/245670/54170/20130/66922/54673/237782/67474/18412/20869/56480/64930/22084/29869/74781/217695",75
"mmu04810","mmu04810","Regulation of actin cytoskeleton","102/2188","220/8997",4.70637746758891e-13,6.23595014455531e-12,3.1788689912662e-12,"109711/50884/329165/12669/12672/11461/60595/11789/11836/56443/11867/16801/73341/54126/69632/66713/74117/242894/74192/76709/56378/68089/67771/108100/12927/109880/12540/12631/12632/12928/12929/20430/76884/13367/54004/330662/13800/22350/14083/14163/18711/18479/14701/227753/216963/14673/14674/29875/544963/16403/16404/16410/16412/16885/26413/26417/67938/17698/26395/26396/77579/71960/17886/107589/17931/224105/18481/214230/18718/108083/117150/18720/18719/18717/232807/19045/19046/18643/18645/320910/19878/19353/19354/170758/19684/110157/15461/16653/232906/11848/19877/20130/66922/20544/20662/20779/237860/14061/21844/22330/83767/73178",102
"mmu03050","mmu03050","Proteasome","35/2188","47/8997",5.64042315364927e-13,7.17461825144187e-12,3.65736911857679e-12,"56436/67089/19179/19182/23996/19181/19184/26440/19166/19167/26441/26442/26443/26444/73677/19170/26445/26446/19173/19175/69077/66997/23997/59029/70247/21762/22123/19185/66413/17463/57296/67151/19186/19188/19192",35
"mmu00280","mmu00280","Valine, leucine and isoleucine degradation","39/2188","57/8997",2.24321014162322e-12,2.74361855783148e-11,1.39860065510112e-11,"58875/78894/66948/11364/11409/66885/257633/72535/11671/110695/56752/11669/11992/12035/12036/13382/97212/231086/93747/268860/15108/15107/227095/208715/15356/56357/72039/78038/104776/13171/12039/110821/66904/224530/67041/110460/113868/110446/52538",39
"mmu04728","mmu04728","Dopaminergic synapse","70/2188","135/8997",3.56475501918238e-12,4.1984892448148e-11,2.1402427795481e-11,"226849/26932/26931/51792/71978/224129/11651/23797/17161/109731/109689/216869/53623/12286/12287/12288/70405/12846/13195/108058/14688/14693/14696/14701/14702/14704/14677/14678/14679/14680/14681/14682/14683/14799/14800/14802/606496/56637/16438/18747/18749/12322/12323/12325/16519/16522/16572/16574/16573/18750/18751/18752/26419/26420/26414/14811/14812/18795/18797/19045/19046/19052/19053/19055/19056/19049/21770/18798/13162/21823",70
"mmu04540","mmu04540","Gap junction","51/2188","86/8997",4.106654446802e-12,4.66398612172513e-11,2.37753678499063e-11,"432530/224129/11512/11514/11515/21872/14609/22154/14672/14677/14678/14679/14682/14683/14784/14816/108071/16438/18747/18749/104318/18750/18751/18752/26413/26417/26395/26396/18795/18797/234889/18798/110157/15461/16653/20662/20779/22142/22143/22146/22144/22145/53857/238463/545486/22151/73710/22152/22153/227613/67951",51
"mmu04360","mmu04360","Axon guidance","86/2188","181/8997",6.41377459275325e-12,7.03303558791564e-11,3.58519523515064e-11,"11350/226251/231148/319713/69632/12168/19058/12540/12568/12631/12632/13176/12934/65254/259302/13642/13800/13836/13837/13838/13839/270190/13844/13845/108058/14083/14360/18479/14677/14678/14679/56637/16202/16412/12322/12323/12325/18750/16728/16885/241568/26413/26417/67938/17973/17974/18007/53972/224105/18481/214230/93742/18607/18803/18844/18845/243743/235611/54712/19055/19056/19247/19878/218397/19353/19354/170758/110157/15461/16653/11848/19876/268902/19877/20130/20351/20354/20355/20359/20361/20779/117600/14270/237860/107448/22253",86
"mmu00620","mmu00620","Pyruvate metabolism","32/2188","44/8997",1.64943536879785e-11,1.74840149092572e-10,8.9127384840305e-11,"107476/68738/60525/66204/75572/11532/58810/72535/11671/110695/56752/11669/13382/14651/76238/18746/16828/16832/109801/107029/109264/17436/17449/17448/235339/18597/68263/74551/18563/224530/110460/110446",32
"mmu04070","mmu04070","Phosphatidylinositol signaling system","54/2188","96/8997",1.74350358218129e-11,1.78849722301177e-10,9.11713248407194e-11,"70405/52858/110911/380921/320127/217480/56077/110197/110524/104418/331374/104015/18711/55980/269180/234515/64436/16329/228550/27399/16438/18750/18751/18752/53332/77116/74302/219135/54384/320634/18704/18718/108083/117150/107650/18720/18719/18717/225326/18795/18797/18799/18802/18803/19211/212111/227333/18798/83493/101490/16332/20975/327655/227399",54
"mmu00020","mmu00020","Citrate cycle (TCA cycle)","26/2188","32/8997",1.80053811196787e-11,1.78928474876807e-10,9.12114701457406e-11,"104112/11428/11429/239017/12974/13382/67834/15926/15929/269951/17449/17448/18293/78920/235339/18597/68263/74551/18563/71832/170718/66945/67680/56451/20916/20917",26
"mmu04072","mmu04072","Phospholipase D signaling pathway","73/2188","149/8997",4.20864370056961e-11,4.05560211145798e-10,2.06740392308682e-10,"432530/224129/11512/11514/11515/11651/23797/11840/11845/19157/19158/380921/320127/217480/56077/110197/110524/104418/13429/13430/103967/331374/19229/14360/14388/14389/14673/14674/14683/14784/14816/108068/108069/268934/108071/108073/14823/16590/18750/26413/26417/26395/26396/56717/18720/18719/18717/55979/18795/18797/28169/68262/52123/18803/19247/227333/18798/110157/56044/64143/15461/16653/19744/11848/56508/20130/66922/20418/20662/56632/14061/64930/22084",73
"mmu04910","mmu04910","Insulin signaling pathway","69/2188","139/8997",6.79859240289604e-11,6.35868348270865e-10,3.2414341487492e-10,"74370/228966/108097/19082/105787/108079/107476/11651/23797/11836/109880/70405/12402/208650/12928/12929/53413/14104/14251/14252/14784/56637/14936/216019/15275/13684/16367/384783/19084/19085/19087/19088/18747/18749/18679/102093/18759/72508/26413/26417/26419/26420/26414/26395/26396/56717/74551/18607/19045/19046/54646/19246/19268/110078/110095/19309/212111/107746/110157/15461/16653/19744/20104/20418/16332/20662/20411/64930/22084",69
"mmu04727","mmu04727","GABAergic synapse","50/2188","89/8997",1.04324448375777e-10,9.4786213095706e-10,4.83186918793073e-10,"432530/224129/11512/11514/11515/12286/12287/12288/14415/14417/54393/242425/268860/14688/14693/14696/14701/14702/14704/14394/14396/14397/14400/14401/14402/14406/93739/268566/14645/14660/14677/14678/14679/14681/15114/18747/18749/16522/18750/18751/18752/18195/227120/70827/57138/76257/243616/232333/20779/22348",50
"mmu04730","mmu04730","Long-term depression","38/2188","60/8997",1.47674179143722e-10,1.30445524910287e-09,6.64965601992197e-10,"51792/11836/53623/109880/12286/14672/14673/14674/14677/14678/14679/14681/14682/14683/14687/14799/14800/14804/14816/16438/18750/18751/18752/26413/26417/26395/26396/18125/18795/18797/19052/19053/234889/18798/110157/15461/16653/20190",38
"mmu05100","mmu05100","Bacterial invasion of epithelial cells","44/2188","76/8997",3.68167675762556e-10,3.16425191601332e-09,1.61302480988432e-09,"11461/56443/11867/66713/74117/242894/74192/76709/56378/68089/67771/12927/12389/12402/12488/12540/12757/74325/67300/12928/12929/12385/12386/12387/622434/330662/13429/13430/103967/140580/140579/14083/14388/16202/16412/19353/11848/56212/20418/20779/13043/22330/83767/73178",44
"mmu04012","mmu04012","ErbB signaling pathway","47/2188","84/8997",4.5758399349716e-10,3.82925552452886e-09,1.95202036007099e-09,"11350/11352/11651/23797/11836/109880/12402/208650/12576/12928/12929/13869/108058/14083/18479/14388/14784/56637/12322/12323/12325/18750/18751/18752/72508/26413/26417/26419/26420/26414/26395/26396/26398/26400/56717/17973/17974/224105/18481/214230/18803/110157/15461/16653/20418/20662/20779",47
"mmu03010","mmu03010","Ribosome","81/2188","179/8997",5.39370681610415e-10,4.39794555774646e-09,2.24191862261819e-09,"19896/20042/20103/110954/238217/67025/269261/270106/22121/67115/66480/319195/19899/76808/19921/19933/19934/65019/268449/68193/19941/19942/26451/19943/27367/19946/114641/19951/68436/66489/57808/54217/19982/67281/19981/67671/67891/22186/100503670/19988/19989/27176/26961/20005/11837/56040/67186/68537/68611/67097/27207/68052/20044/20054/267019/20055/20068/20084/20085/16898/67427/66475/20088/75617/27370/57294/78294/67941/54127/20090/27050/14109/20102/20104/20115/20116/76846/16785/118451/77721/66258",81
"mmu04921","mmu04921","Oxytocin signaling pathway","72/2188","153/8997",5.83086770707654e-10,4.63553982712585e-09,2.36303586023628e-09,"108097/19082/105787/108079/11461/432530/224129/11512/11514/11515/12293/56808/12294/12288/12295/12297/12298/70405/19058/12300/54376/81905/13629/108058/14677/14678/14679/14681/14682/14683/16438/18747/18749/52163/12322/12323/12325/12326/16519/16522/207565/18750/18751/18752/17260/26413/26417/26395/26396/17904/216459/107589/17931/18795/18797/232807/19045/19046/19055/19056/234889/19878/54720/18798/110157/15461/16653/11848/19877/20190/20191/20779",72
"mmu04510","mmu04510","Focal adhesion","88/2188","201/8997",7.77217115001028e-10,6.02817177000797e-09,3.07295085263564e-09,"12835/109711/11461/60595/11651/23797/12927/109880/12334/12389/12540/12833/12834/12845/12928/12929/12387/13367/330662/11855/16772/14083/192176/286940/68794/14360/18479/14784/56637/16202/16403/16404/16410/16412/18750/18751/18752/16773/16774/16777/23928/26413/26417/26419/26420/26414/67938/26395/107589/17931/224105/18481/214230/57342/18607/18720/18719/18717/232807/19045/19046/19211/320910/107746/19878/12830/70549/19353/19354/170758/110157/109905/215449/15461/19417/232906/11848/19877/20418/20662/20779/21960/21894/21825/21828/22330/22371/22793",88
"mmu05135","mmu05135","Yersinia infection","65/2188","134/8997",8.36100159990236e-10,6.33047263992607e-09,3.22705324908512e-09,"11461/11651/23797/56443/11867/11845/16801/54126/69632/66713/74117/242894/74192/76709/56378/68089/67771/108100/12927/12540/12928/12929/330662/140580/140579/14083/19229/14682/56637/16412/20111/20112/16885/26409/26413/26417/26419/26420/26414/26395/26396/26397/26398/26399/26400/16151/18720/18719/18717/320795/109333/18803/19878/19353/19354/170758/11848/56212/19877/20779/68652/56480/73178/68524/330319",65
"mmu04666","mmu04666","Fc gamma R-mediated phagocytosis","49/2188","92/8997",1.91693437694912e-09,1.41763984155772e-08,7.22663143329655e-09,"11651/23797/218038/56443/11867/11845/66713/74117/242894/74192/76709/56378/68089/67771/13196/211914/30948/12540/12631/12632/12928/12929/330662/13430/18479/14389/227753/18750/18751/18753/18754/18752/72508/16885/17118/26413/26417/26395/18720/18719/18717/18803/19353/19354/110157/16332/56632/83767/245880",49
"mmu04713","mmu04713","Circadian entrainment","51/2188","98/8997",2.60821216416772e-09,1.88502606410303e-08,9.60920271009160e-09,"14810/432530/224129/11512/11514/11515/53623/12288/70405/70729/108058/14688/14693/14696/14701/14702/14704/14677/14678/14679/14681/14682/14683/14799/14800/14802/16438/18747/18749/12322/12323/12325/16519/16522/18750/18751/18752/73086/26413/26417/14811/14812/18125/11517/18626/18795/18797/234889/18798/20190/20191",51
"mmu00010","mmu00010","Glycolysis / Gluconeogenesis","39/2188","67/8997",2.97624571610929e-09,2.1032136393839e-08,1.07214465562767e-08,"353204/68738/60525/11532/72141/58810/72535/11671/67689/110695/56752/11669/11674/11676/13382/13806/13807/14433/14447/216019/15275/18746/16828/16832/235339/18597/68263/74551/18641/18642/56421/18648/56012/18655/18663/72157/66681/12183/21991",39
"mmu04932","mmu04932","Non-alcoholic fatty liver disease","71/2188","156/8997",4.65495997210651e-09,3.21799406767363e-08,1.64042067666911e-08,"108097/19082/105787/108079/11651/23797/12028/12367/12540/12857/12858/12859/12864/12867/110323/12865/12866/66445/13063/13067/606496/56637/13665/16367/384783/16396/26408/26419/26420/26414/54405/17991/66091/17992/68202/67130/68375/66108/67273/69875/66414/67184/66495/68194/66046/230075/66916/67264/66218/68342/104130/68197/227197/226646/68349/595136/75406/225887/17995/72900/78330/22273/67003/66576/67530/22272/66152/19353/66945/67680/66694",71
"mmu04961","mmu04961","Endocrine and other factor-regulated calcium reabsorption","36/2188","61/8997",7.23657716469261e-09,4.89623731568564e-08,2.49593030988278e-08,"11512/11515/11771/11772/71770/11773/232910/11928/98660/232975/11931/11932/11933/67972/11941/12307/12757/74325/67300/13429/13430/103967/20541/14682/14683/18747/18749/18750/18751/18752/18795/18797/381290/320707/18798/53869",36
"mmu05171","mmu05171","Coronavirus disease - COVID-19","100/2188","247/8997",9.37554766934709e-09,6.21130033094245e-08,3.1663033795602e-08,"12260/12262/14962/12266/56417/16451/18750/18751/18752/26409/26413/26417/26419/26420/26414/16151/18803/19896/20042/20103/110954/238217/67025/269261/270106/22121/67115/66480/319195/19899/76808/19921/19933/19934/65019/268449/68193/19941/19942/26451/19943/27367/19946/114641/19951/68436/66489/57808/54217/19982/67281/19981/67671/67891/22186/100503670/19988/19989/27176/26961/20005/11837/56040/67186/67097/27207/68052/20044/20054/267019/20055/20068/20084/20085/16898/67427/66475/20088/75617/27370/57294/78294/67941/54127/20090/27050/14109/20102/20104/20115/20116/76846/16785/20846/20848/68652/56480/14061/22031/22371",100
"mmu00071","mmu00071","Fatty acid degradation","32/2188","52/8997",1.18719196859639e-08,7.61029504649148e-08,3.87946189063121e-08,"11363/11364/11409/11370/94180/66885/80911/14081/74205/50790/216739/11532/72535/11671/110695/56752/11669/12894/78070/12896/97212/231086/93747/13177/23986/270076/15107/224530/110460/113868/110446/52538",32
"mmu00562","mmu00562","Inositol phosphate metabolism","40/2188","72/8997",1.19658727146092e-08,7.61029504649148e-08,3.87946189063121e-08,"52858/104015/18711/55980/269180/234515/64436/16329/228550/104776/53332/77116/74302/219135/54384/320634/18704/18718/108083/117150/107650/18720/18719/18717/170835/225326/18795/18797/18799/18802/18803/269615/19211/212111/18798/83493/101490/16332/20975/21991",40
"mmu05032","mmu05032","Morphine addiction","47/2188","91/8997",1.50076773010385e-08,9.35772819947106e-08,4.77024211426198e-08,"432530/224129/11512/11514/11515/109689/216869/12286/12287/54393/242425/14688/14693/14696/14701/14702/14704/14394/14396/14397/14400/14401/14402/14406/14677/14678/14679/14681/14683/26385/18747/18749/16519/16522/18750/18751/18752/23984/18573/18574/18575/207728/18577/238871/218461/18578/22348",47
"mmu00250","mmu00250","Alanine, aspartate and glutamate metabolism","26/2188","39/8997",2.55846742166418e-08,1.56460123094079e-07,7.97578912826487e-08,"14718/14719/11484/212647/76282/108682/109900/66514/27053/11898/14415/14417/14661/268860/14583/14645/14660/269642/52633/11564/11565/11566/69719/231327/194237/214579",26
"mmu00640","mmu00640","Propanoate metabolism","22/2188","31/8997",5.45750042412217e-08,3.2745002544733e-07,1.66922555176726e-07,"107476/11409/80911/68738/60525/56690/13382/97212/52665/93747/268860/227095/16828/16832/104776/13171/12039/110821/66904/56451/20916/20917",22
"mmu01212","mmu01212","Fatty acid metabolism","35/2188","62/8997",5.66793908158054e-08,3.29795753080913e-07,1.68118324973388e-07,"107476/11363/11364/11409/11370/94180/66885/80911/257633/14081/74205/50790/216739/234309/12894/78070/12896/56348/15488/97212/231086/93747/223722/14104/15107/26922/20280/71147/19063/224530/106529/110460/113868/110446/52538",35
"mmu04371","mmu04371","Apelin signaling pathway","62/2188","137/8997",5.70401459731139e-08,3.29795753080913e-07,1.68118324973388e-07,"108097/19082/105787/108079/11475/432530/224129/11512/11514/11515/11651/23797/70405/20541/14688/14693/14696/14701/14702/14704/14674/14677/14678/14679/14682/208727/15184/16438/18747/18749/12326/18754/72508/17258/17260/17261/26413/26417/66734/67443/26395/26396/56717/107589/18125/75669/225326/18795/18797/18798/110157/15461/16653/20130/66922/20104/20190/20191/20544/17126/56632/21780",62
"mmu04261","mmu04261","Adrenergic signaling in cardiomyocytes","67/2188","152/8997",5.97818409638074e-08,3.39475454044478e-07,1.73052697526811e-07,"226849/26932/26931/51792/71978/432530/224129/11512/11514/11515/11651/23797/11928/98660/232975/11931/11932/11933/11937/11938/53313/67972/11941/12293/56808/12294/12288/12295/12297/12298/70405/12300/54376/81905/108058/20541/14677/14678/14679/14682/14683/18747/18749/12322/12323/12325/18750/73086/26413/26417/18795/18797/19045/19046/19052/19053/58200/381290/21770/320707/18798/56508/20191/20266/399548/20544/59069",67
"mmu04725","mmu04725","Cholinergic synapse","52/2188","112/8997",2.44416112609681e-07,1.36358462824348e-06,6.95107688677579e-07,"11423/12669/12672/432530/224129/11512/11514/11515/11651/23797/12286/12287/12288/12647/108058/14360/14688/14693/14696/14701/14702/14704/14672/14677/14678/14679/14681/14682/16438/18747/18749/12322/12323/12325/12326/16519/16522/16536/110862/226922/18750/18751/18752/26413/26417/26395/18795/18797/18798/15461/16653/63993",52
"mmu03013","mmu03013","Nucleocytoplasmic transport","54/2188","118/8997",2.59624584515552e-07,1.42345892889561e-06,7.25629510261253e-07,"326622/56215/13680/53817/218210/13627/13628/226747/192170/16647/16649/16648/16646/16650/16211/75751/70572/233726/226432/66441/103468/234865/170762/227720/18141/18226/19069/71805/269966/53319/18949/107939/70699/66679/19387/19384/19428/19386/19704/19826/20220/110379/72124/51796/170930/331401/238799/212999/320938/108989/103573/110750/72322/65246",54
"mmu04722","mmu04722","Neurotrophin signaling pathway","55/2188","121/8997",2.6566007277935e-07,1.43186276514972e-06,7.29913491668509e-07,"22627/11350/11651/23797/12028/109880/70405/12540/12928/12929/108058/56484/327826/14388/192662/11857/14784/56637/16367/12322/12323/12325/12326/18753/20111/20112/73086/26408/94275/26413/26417/26419/26420/26414/26395/26396/26400/18212/18213/18607/18803/19247/107746/77480/19353/110157/109905/215449/15461/16653/11848/20399/20418/20661/20662",55
"mmu05231","mmu05231","Choline metabolism in cancer","47/2188","98/8997",2.79019302027206e-07,1.47880230074419e-06,7.53841623020872e-07,"11651/23797/100434/68682/380921/320127/217480/56077/110197/110524/104418/331374/74182/14784/18750/18751/18752/72508/18777/26413/26417/26419/26420/26414/26395/26396/56717/18607/18720/18719/18717/18803/227333/19353/19354/170758/110157/15461/16653/19744/30805/63993/20662/64930/22084/83767/245880",47
"mmu04962","mmu04962","Vasopressin-regulated water reabsorption","26/2188","44/8997",8.73457766431944e-07,4.55343556926817e-06,2.32118198499602e-06,"11512/11515/13427/13426/235661/234663/13191/69654/67665/59288/22428/13424/110350/56455/68097/192662/11857/14683/18747/18749/18195/271457/19344/19345/53869/22318",26
"mmu04935","mmu04935","Growth hormone synthesis, secretion and action","52/2188","116/8997",9.50768533619132e-07,4.8118523687915e-06,2.45291381924492e-06,"432530/224129/11512/11514/11515/11651/23797/12927/12288/12914/12928/12929/14083/14672/14677/14678/14679/14682/14683/14784/56637/16367/384783/16438/18747/18749/18750/18751/18752/26413/26417/26419/26420/26414/26395/26396/26397/26398/26399/56717/18795/18797/18803/18798/110157/15461/16653/20418/20604/20662/20846/20848",52
"mmu04260","mmu04260","Cardiac muscle contraction","42/2188","87/8997",9.5329150702473e-07,4.8118523687915e-06,2.45291381924492e-06,"236794/65973/11928/98660/232975/11931/11932/11933/11937/11938/53313/12293/56808/12294/12288/12295/12297/12298/12300/54376/81905/12857/12858/12859/12864/12867/110323/12865/12866/66445/20541/22273/67003/66576/67530/22272/66152/20191/20544/236727/59069/66694",42
"mmu04137","mmu04137","Mitophagy - animal","35/2188","68/8997",1.14739805178617e-06,5.70113406981253e-06,2.90623848643208e-06,"12048/94044/12995/13000/13001/66437/56484/93739/67414/170731/59040/214952/26419/26420/26414/66734/67443/72542/245860/15461/16653/22186/20130/66922/78294/18412/20779/52440/66687/233204/56480/209446/14479/100756/84092",35
"mmu03015","mmu03015","mRNA surveillance pathway","47/2188","103/8997",1.69540366283621e-06,8.29443638126025e-06,4.22821318342959e-06,"226849/26932/26931/51792/71978/326622/56215/51786/68219/432508/269061/108062/228410/83410/70248/13680/53817/225363/14852/14853/103677/66899/233908/74737/56422/192170/67897/66441/76626/53319/18458/54196/105083/18949/19045/19046/19052/19053/21770/230721/19704/19826/20220/226517/51796/230908/74320",47
"mmu05031","mmu05031","Amphetamine addiction","35/2188","69/8997",1.78837183430427e-06,8.61670065619332e-06,4.39249222460699e-06,"14810/224129/17161/109731/53623/12288/70405/19058/13195/108058/14683/14799/14800/14802/433759/15182/18747/18749/12322/12323/12325/12326/18750/18751/18752/14811/14812/19045/19046/19055/19056/19049/13162/20907/21823",35
"mmu04971","mmu04971","Gastric acid secretion","37/2188","75/8997",2.17231377914199e-06,1.03103848024948e-05,5.25587308700497e-06,"11461/432530/224129/11512/11514/11515/11928/98660/232975/11931/11932/11933/20535/70405/22350/108058/14677/14678/14679/14682/14683/16438/18747/18749/12322/12323/12325/16526/18750/18751/18752/107589/18795/18797/18798/20544/20604",37
"mmu01210","mmu01210","2-Oxocarboxylic acid metabolism","15/2188","20/8997",2.55086856131789e-06,1.19290618014572e-05,6.08101793255349e-06,"14718/14719/11428/11429/76282/108682/12035/12036/12974/67834/15926/15929/269951/71832/170718",15
"mmu04912","mmu04912","GnRH signaling pathway","42/2188","90/8997",2.9251541719506e-06,1.34811453142071e-05,6.87221575103573e-06,"432530/224129/11512/11514/11515/12288/70405/12540/108058/19229/14672/14682/14683/14784/16438/18747/18749/12322/12323/12325/18750/18751/18753/26413/26417/26419/26420/26414/26395/26396/26397/26398/26399/26400/18795/18797/18798/110157/15461/16653/20662/20779",42
"mmu04213","mmu04213","Longevity regulating pathway - multiple species","32/2188","62/8997",3.04005226466725e-06,1.38105231452026e-05,7.04012103396625e-06,"74370/108097/19082/105787/108079/432530/224129/11512/11514/11515/11651/23797/67605/12359/20480/12955/56484/433759/15182/193740/15482/15512/15481/16367/384783/18747/18749/72508/56717/15461/16653/20656",32
"mmu00270","mmu00270","Cysteine and methionine metabolism","29/2188","54/8997",3.10834902784056e-06,1.39219012796239e-05,7.0968977062631e-06,"14718/14719/12035/12036/12411/107869/67870/74340/14630/14629/16828/16832/108645/17449/17448/238505/11720/232087/66902/67873/269378/229709/257635/236539/107272/20810/20603/246221/22117",29
"mmu04150","mmu04150","mTOR signaling pathway","64/2188","157/8997",3.31082981116996e-06,1.44306216962555e-05,7.35622555850166e-06,"17254/74370/105787/108079/11651/23797/67605/109880/12283/56430/277854/13542/13543/13544/14784/56637/75705/13684/16367/18750/18751/18752/20111/20112/72508/64898/66508/83409/252875/26413/26417/26395/26396/56717/18607/19211/110157/15461/16653/19744/11848/78757/68441/245670/54170/20104/110379/72124/227743/20662/20869/72149/64930/22084/29869/11964/11966/66335/73834/11973/66144/66237/108664/268933",64
"mmu04919","mmu04919","Thyroid hormone signaling pathway","52/2188","120/8997",3.31268988624734e-06,1.44306216962555e-05,7.35622555850166e-06,"11461/11651/23797/11928/98660/232975/11931/11932/11933/11937/11938/53313/12914/12387/56637/20525/433759/15182/16410/18747/18749/18750/18751/18752/19014/26413/26417/26395/26396/56717/17977/20185/18607/18641/18642/56421/18795/18797/18799/18802/18803/54720/18798/110157/15461/16653/19744/20544/20779/20846/210789/22084",52
"mmu04520","mmu04520","Adherens junction","35/2188","71/8997",4.16213270602341e-06,1.78859216285871e-05,9.11761645416223e-06,"109711/11461/60595/21872/108100/12914/12540/12995/13000/13001/12385/12386/12387/12388/380928/14360/29875/26409/26413/26417/93742/19246/19268/19274/19353/19354/170758/11848/20411/20779/22330/83767/245880/73178/22612",35
"mmu00630","mmu00630","Glyoxylate and dicarboxylate metabolism","20/2188","32/8997",4.86785164537195e-06,2.06396909763771e-05,1.05213916264881e-05,"11428/11429/68738/60525/12359/12974/13382/104174/14645/76238/17449/17448/110821/66904/67078/108037/71832/224530/110460/110446",20
"mmu04024","mmu04024","cAMP signaling pathway","83/2188","220/8997",5.15972888934109e-06,2.15893919317167e-05,1.1005515913553e-05,"14810/12669/80911/432530/224129/11512/11514/11515/11651/23797/11928/98660/232975/11931/11932/11933/11937/11938/53313/67972/11941/53623/330953/109880/12288/70405/12914/108058/18479/54393/242425/14677/14678/14679/14683/14799/14800/14802/15166/18747/18749/12322/12323/12325/12326/26413/26417/26419/26420/26414/26395/26396/17931/14811/14812/11517/23984/18577/238871/56188/19045/19046/19049/239273/19878/381290/320707/18578/19353/19354/170758/110157/109905/215449/11848/19877/56508/20130/66922/20191/20544/20604/21844",83
"mmu04922","mmu04922","Glucagon signaling pathway","46/2188","104/8997",6.19921533139944e-06,2.56019542257795e-05,1.30509796450514e-05,"108097/19082/105787/108079/107476/11651/23797/15469/70405/19058/12914/12894/78070/108058/14682/14683/20525/14936/16438/18747/18749/12322/12323/12325/18679/102093/18746/16828/16832/18597/68263/74551/18641/18642/56421/18648/56012/18795/18797/19055/19056/56420/110078/110095/19309/18798",46
"mmu04010","mmu04010","MAPK signaling pathway","104/2188","294/8997",1.03245037478238e-05,4.20922075872818e-05,2.14571332950725e-05,"76089/17762/11651/23797/11836/109689/216869/109880/12293/56808/12294/12286/12287/12288/12290/12295/12297/12298/19058/12367/12300/54376/81905/12540/12928/12929/72349/26940/13836/13869/192176/286940/68794/18479/14701/14673/14784/19419/193740/15482/15512/15481/16180/30957/18747/18749/16590/18750/18751/18752/20111/20112/56613/73086/26404/71751/26408/26409/26412/225028/26921/17260/26413/26417/26419/26420/26414/26395/26396/26397/26398/26399/26400/16151/18015/18212/224105/19055/19056/19042/19043/19060/19259/218397/15507/19353/19354/170758/110157/109905/215449/114713/15461/16653/19417/19418/20130/66922/20662/56274/16765/68652/216965/381921",104
"mmu05205","mmu05205","Proteoglycans in cancer","77/2188","205/8997",1.34949647267062e-05,5.43215035834504e-05,2.76912001054332e-05,"11735/11461/11651/23797/11733/109676/11836/16801/69632/15530/109880/12367/12389/12402/12540/12387/13207/13869/22350/108058/14083/192176/286940/68794/327826/18479/14388/14733/14784/75705/29875/16410/16412/16438/18747/18749/12322/12323/12325/18750/18751/18752/72508/17022/26413/26417/17698/26395/26396/56717/17931/18569/18607/18803/232807/19045/19046/19247/19878/19353/19684/110157/15461/16653/11848/19877/20130/66922/20104/20544/17126/20662/20779/13043/20848/21844/21825",77
"mmu04071","mmu04071","Sphingolipid signaling pathway","51/2188","124/8997",2.40203010329121e-05,9.4889822084528e-05,4.83715081132649e-05,"226849/26932/26931/51792/71978/11651/23797/11886/12028/13033/13244/14360/14389/14673/14674/14677/14678/14679/14682/18750/18751/18754/18752/26408/26413/26417/26419/26420/26414/26395/26396/18607/18795/18797/19052/19053/19211/19878/21770/18798/19353/19354/170758/110157/15461/16653/11848/19877/13609/81535/56632",51
"mmu04136","mmu04136","Autophagy - other","19/2188","32/8997",2.41700490215307e-05,9.4889822084528e-05,4.83715081132649e-05,"77040/74370/51897/329015/76559/67841/66615/74244/93739/50540/18518/56717/75669/225326/19052/19053/245860/29869/74781",19
"mmu05211","mmu05211","Renal cell carcinoma","32/2188","68/8997",3.5290139683406e-05,0.000136856883162477,6.97648461006999e-05,"11651/23797/11836/11864/109880/12914/12540/12928/12929/71745/18479/14388/14784/20525/26413/26417/26395/26396/224105/18481/214230/19247/107746/94315/19353/110157/109905/215449/15461/16653/20662/209446",32
"mmu04911","mmu04911","Insulin secretion","38/2188","86/8997",4.00031834679289e-05,0.000153265208949414,7.81292359424357e-05,"432530/224129/11512/11514/11515/11928/98660/232975/11931/11932/11933/12288/116838/108058/14672/14682/14683/20525/18747/18749/12322/12323/12325/16531/18750/18751/18752/11517/26875/18795/18797/18798/19339/56508/20191/20614/20907/22318",38
"mmu04015","mmu04015","Rap1 signaling pathway","78/2188","214/8997",4.066191677392e-05,0.000153934399215554,7.84703657040562e-05,"76089/14810/110351/11461/432530/224129/11512/11514/11515/11651/23797/192786/12927/109880/70405/12540/12801/12928/12929/12387/12388/238130/13800/13836/14026/14677/14678/14679/14681/14682/14683/16412/16590/18750/18751/18752/18759/14924/50791/99470/26413/26417/26395/26396/26397/26399/14811/14812/93742/18795/18797/18803/18643/18645/107746/70549/18798/19353/19354/170758/110157/56044/64143/109905/215449/15461/16653/51791/11848/56508/20130/217692/244668/20469/20779/21844/21894/21825",78
"mmu00650","mmu00650","Butanoate metabolism","17/2188","28/8997",4.37163699965355e-05,0.000163550654810568,8.33723960305445e-05,"78894/11409/71911/14415/14417/97212/93747/268860/15107/208715/15356/217666/224530/67041/214579/110460/110446",17
"mmu00970","mmu00970","Aminoacyl-tRNA biosynthesis","31/2188","66/8997",4.87571702045305e-05,0.000180288140988845,9.19045803120893e-05,"229487/211006/234734/224805/27267/226414/226539/67417/107508/66590/23874/15115/70791/105148/381314/85305/107045/102436/70223/104458/109093/20226/71984/110960/272396/71807/22321/22375/70560/107271/70120",31
"mmu05230","mmu05230","Central carbon metabolism in cancer","32/2188","69/8997",5.06223465292124e-05,0.000185033404555052,9.43235494918175e-05,"11651/23797/14381/14660/20525/216019/15275/15926/269951/16590/18746/16828/16832/26413/26417/26395/26396/56717/18213/18597/68263/228026/18641/18642/56421/18648/56012/19211/110157/15461/16653/319801",32
"mmu00230","mmu00230","Purine metabolism","53/2188","134/8997",6.00451147289993e-05,0.000216981210043429,0.000110609421869209,"76952/109674/432530/224129/11512/11514/11515/11534/11717/66401/11821/66355/229363/14544/23917/23918/16434/11636/11637/56248/11639/229949/79059/18102/18103/53893/74167/23971/23984/18573/18574/18575/207728/18577/238871/18582/218461/72157/66681/18950/19139/110639/14450/237823/67054/11564/108147/11565/11566/231327/234889/18578/20135",53
"mmu04022","mmu04022","cGMP-PKG signaling pathway","65/2188","173/8997",6.13537003262525e-05,0.000219218839367958,0.000111750086933683,"432530/224129/11512/11514/11515/11739/11740/11651/23797/11928/98660/232975/11931/11932/11933/11937/11938/53313/67972/11941/12288/70405/19058/20541/14672/14673/14674/14677/14678/14679/14682/14886/16367/384783/16438/16531/18754/17258/17260/17261/26413/26417/26395/26396/107589/17931/207728/18795/18797/19045/19046/19055/19056/105675/234889/19878/381290/320707/18798/110157/11848/19877/22333/22334/22335",65
"mmu05412","mmu05412","Arrhythmogenic right ventricular cardiomyopathy","34/2188","77/8997",0.000102018172239299,0.000360464208578858,0.000183752029530434,"11461/11472/11937/11938/53313/12293/56808/12294/12288/12295/12297/12298/12558/12300/54376/81905/12385/12386/12387/14609/13346/13405/13726/16772/20541/16403/16404/16410/16412/16773/16905/16480/320910/20191",34
"mmu00520","mmu00520","Amino sugar and nucleotide sugar metabolism","25/2188","51/8997",0.000109230829810764,0.000381707734943109,0.00019458123529043,"109785/74246/14635/14583/218138/69080/331026/26384/67980/15212/216019/15275/110119/245847/56174/72017/109754/12764/72157/66681/29858/107652/227620/22235/216558",25
"mmu00330","mmu00330","Arginine and proline metabolism","26/2188","54/8997",0.000116908896294539,0.000404098141539818,0.000205995080427448,"14718/14719/72535/11671/212647/110695/56752/11669/66988/17161/109731/66054/14431/12709/12715/76722/12716/18125/18242/209027/69051/66194/56454/19125/20810/20603",26
"mmu04915","mmu04915","Estrogen signaling pathway","52/2188","134/8997",0.000125561181478567,0.000429338233442842,0.000218861595333326,"432530/224129/11512/11514/11515/11651/23797/70405/13033/22027/14228/14229/54393/242425/14677/14678/14679/14681/14682/14683/14784/14816/193740/15482/15519/15516/15512/15481/16438/16661/16663/16664/68239/18747/18749/16519/16522/18753/26413/26417/26395/26396/17977/18795/18797/18798/110157/15461/16653/20418/20662/20779",52
"mmu01240","mmu01240","Biosynthesis of cofactors","57/2188","152/8997",0.000180460503828805,0.000610494044867661,0.00031120848364654,"58810/72535/11671/11669/12035/12036/108156/270685/22169/71743/230027/13382/319945/268566/69080/331026/14630/14629/17025/14151/11636/11637/56248/11639/229949/66588/108645/11720/232087/110119/68646/79059/18102/18103/18041/18104/71147/216134/57028/29858/223646/19044/11564/11565/11566/69719/56749/55936/108037/17252/54391/107272/20751/67417/107508/22235/216558",57
"mmu04114","mmu04114","Oocyte meiosis","47/2188","121/8997",0.000253617553601161,0.000844649660009856,0.000430572815761396,"54401/22627/22629/22628/22630/22631/226849/26932/26931/51792/432530/224129/11512/11514/11515/17222/70405/19058/52563/231207/208922/67579/26965/108058/16438/18747/18749/12322/12323/12325/20111/20112/56150/26413/26417/26395/19045/19046/19052/19053/19055/19056/21770/21402/20874/24061/13006",47
"mmu04014","mmu04014","Ras signaling pathway","81/2188","235/8997",0.000254988576606749,0.000844649660009856,0.000430572815761396,"14810/11350/11352/11651/23797/11845/12048/56784/72399/70405/12540/226525/13836/66482/18479/14388/14389/14688/14693/14696/14701/14702/14704/14784/19419/18747/18749/16590/18750/18751/18752/16706/333050/26413/26417/26419/26420/26414/26395/26396/16151/18015/14811/14812/18212/224105/18481/214230/18803/19247/218397/271457/19344/19345/19353/19354/170758/110157/56044/64143/109905/215449/114713/19414/15461/16653/19415/19765/19417/19418/11848/225870/228850/20130/66922/20418/56392/20662/240057/56480/21844",81
"mmu05030","mmu05030","Cocaine addiction","23/2188","48/8997",0.000312832105870364,0.00102557329553377,0.000522801348931482,"14810/224129/17161/109731/12568/13195/13385/14677/14678/14679/14683/67839/14800/108068/108069/18747/18749/14811/14812/19049/19739/13162/21823",23
"mmu00561","mmu00561","Glycerolipid metabolism","28/2188","63/8997",0.000357289956138046,0.00114765864698887,0.000585036185489198,"193742/69923/58810/72535/11671/110695/56752/11669/380921/320127/13350/217480/56077/110197/110524/104418/331374/14933/14626/225010/64898/67216/23945/55979/28169/68262/52123/227333",28
"mmu04929","mmu04929","GnRH secretion","28/2188","63/8997",0.000357289956138046,0.00114765864698887,0.000585036185489198,"11651/23797/109689/216869/12288/54393/242425/14672/14682/15165/15166/15168/16438/16519/16522/18750/18751/18752/26413/26417/26395/26396/18795/18797/18798/110157/15461/16653",28
"mmu00061","mmu00061","Fatty acid biosynthesis","12/2188","19/8997",0.000362305910303761,0.00115213279476596,0.000587316949334518,"107476/94180/257633/14081/74205/50790/216739/234309/223722/14104/26922/71147",12
"mmu04216","mmu04216","Ferroptosis","20/2188","40/8997",0.000377151360400783,0.00118746665947969,0.000605328916120069,"17254/14081/74205/50790/216739/74244/12870/14319/625249/14630/14629/66734/67443/23983/18521/67547/22042/22334/22335/26570",20
"mmu05210","mmu05210","Colorectal cancer","36/2188","88/8997",0.000411134572638066,0.00127923104429144,0.00065210718576922,"11651/23797/11789/11836/12005/12028/109880/12367/12387/13063/13067/13176/72993/14784/56637/72508/26413/26417/26419/26420/26414/26395/26396/17688/56717/19353/19354/170758/110157/56044/64143/15461/16653/11848/17126/20662",36
"mmu00410","mmu00410","beta-Alanine metabolism","17/2188","32/8997",0.00041434213069817,0.00127923104429144,0.00065210718576922,"11409/80911/72535/11671/67689/110695/56752/11669/66054/14415/14417/56690/97212/93747/268860/227095/104776",17
"mmu04970","mmu04970","Salivary secretion","35/2188","85/8997",0.000425067629596547,0.00129972602126637,0.000662554807265873,"432530/224129/11512/11514/11515/11928/98660/232975/11931/11932/11933/67972/11941/20535/70405/13010/14682/14683/16438/18747/18749/16531/18750/18751/18752/18125/18795/18797/234889/381290/320707/18798/20496/20544/22318",35
"mmu04972","mmu04972","Pancreatic secretion","44/2188","114/8997",0.000462962856215109,0.0014021160788229,0.00071474967275315,"432530/224129/11512/11514/11515/11928/98660/232975/11931/11932/11933/11937/11938/53313/67972/11941/20535/54403/14682/14683/16438/16531/18750/18751/18752/18795/18797/381290/436522/320707/18798/73626/67373/19340/17274/19353/109905/215449/53869/80718/11848/20191/20496/20544",44
"mmu04611","mmu04611","Platelet activation","47/2188","124/8997",0.00048708695021761,0.00146126085065283,0.000744899606092473,"11461/432530/224129/11512/11514/11515/11651/23797/16801/69632/14360/14674/14677/14678/14679/14682/14683/19419/16412/16438/18747/18749/18759/26413/26417/67938/107589/17931/18795/18797/19045/19046/234889/19878/70549/18798/109905/215449/232906/11848/19877/20619/20779/20866/14061/21894/22371",47
"mmu04964","mmu04964","Proximal tubule bicarbonate reclamation","13/2188","22/8997",0.000517433461989757,0.00153779290572657,0.000783912967500468,"11928/98660/232975/11931/11932/11933/14661/27376/54403/14660/17449/74551/76257",13
"mmu01250","mmu01250","Biosynthesis of nucleotide sugars","19/2188","38/8997",0.00052617171143286,0.00154928337255231,0.000789770405074663,"109785/74246/14635/14583/218138/69080/331026/216019/15275/110119/56174/12764/72157/66681/29858/107652/227620/22235/216558",19
"mmu01521","mmu01521","EGFR tyrosine kinase inhibitor resistance","32/2188","79/8997",0.00102967575832752,0.00300400817567112,0.00153133816303659,"11651/23797/11836/12048/12028/109880/56484/14388/14784/56637/13684/16451/18750/18751/18752/72508/26413/26417/26395/26396/56717/18015/18803/19211/110157/15461/16653/20104/20418/20662/20779/20848",32
"mmu04928","mmu04928","Parathyroid hormone synthesis, secretion and action","41/2188","108/8997",0.00104615771736688,0.00302434685566061,0.00154170610980382,"432530/224129/11512/11514/11515/11836/16801/109689/216869/109880/14672/14673/14674/14677/14678/14679/14682/14683/16438/18747/18749/18750/18751/18752/17258/17260/17261/26413/26417/26395/17938/26941/18577/238871/18795/18797/213498/18578/18798/110157/11848",41
"mmu04925","mmu04925","Aldosterone synthesis and secretion","39/2188","102/8997",0.00117100604576039,0.00332724516616685,0.00169611306054186,"432530/224129/11512/11514/11515/11928/98660/232975/11931/11932/11933/67972/11941/11908/12288/70405/269060/108058/14672/14682/14683/16438/18747/18749/52163/12322/12323/12325/12326/18750/18751/18754/18752/207728/18795/18797/381290/320707/18798",39
"mmu05033","mmu05033","Nicotine addiction","19/2188","40/8997",0.00117185993273801,0.00332724516616685,0.00169611306054186,"14810/53623/12286/12287/14394/14396/14397/14400/14401/14402/14406/14799/14800/14802/14811/14812/72961/140919/22348",19
"mmu04211","mmu04211","Longevity regulating pathway","35/2188","90/8997",0.00145169317157425,0.00408529582797003,0.00208254073984569,"74370/108097/19082/105787/108079/432530/224129/11512/11514/11515/11651/23797/67605/51897/12028/12359/72993/56484/13684/16367/384783/18747/18749/12326/207565/72508/56717/15461/16653/12421/19744/20656/20869/64930/22084",35
"mmu04916","mmu04916","Melanogenesis","38/2188","100/8997",0.00153600416101455,0.00428464318598794,0.00218416104151653,"432530/224129/11512/11514/11515/70405/12914/12387/13542/13543/13544/108058/14677/14678/14679/14681/14682/14683/56637/18747/18749/12322/12323/12325/16590/18750/18751/18752/26413/26417/26395/26396/18795/18797/18798/110157/15461/16653",38
"mmu04152","mmu04152","AMPK signaling pathway","46/2188","127/8997",0.00169111732003958,0.00467630702410945,0.00238381754952948,"226849/26932/26931/51792/71978/74370/108097/19082/105787/108079/107476/11651/23797/67605/12283/12894/78070/56690/13629/15568/14104/56484/14936/16367/384783/207565/72508/26409/56717/74551/18607/18641/18642/56421/19052/19053/21770/19325/68365/59021/17274/19744/20869/72149/64930/22084",46
"mmu05414","mmu05414","Dilated cardiomyopathy","36/2188","94/8997",0.00171944459635917,0.00471364984174324,0.0024028536101571,"11461/432530/224129/11512/11514/11515/11937/11938/53313/12293/56808/12294/12288/12295/12297/12298/12300/54376/81905/13346/13405/13726/16772/20541/14683/16403/16404/16410/16412/18747/18749/16773/16905/320910/20191/59069",36
"mmu04066","mmu04066","HIF-1 signaling pathway","42/2188","114/8997",0.00181154380923318,0.00492368317381326,0.00250992124716068,"353204/11651/23797/11674/11676/12914/12576/71745/13806/13807/108058/14433/20525/216019/15275/13684/12322/12323/12325/18750/18751/18752/72508/16828/16832/26413/26417/26395/26396/56717/18597/68263/228026/18641/18642/56421/18655/18663/18803/20104/20848/22042",42
"mmu04926","mmu04926","Relaxin signaling pathway","46/2188","129/8997",0.00242509343687297,0.00653542129597968,0.0033315288963286,"11475/432530/224129/11512/11514/11515/11651/23797/109689/216869/14688/14693/14696/14701/14702/14704/14677/14678/14679/14681/14683/14784/18747/18749/18750/26413/26417/26419/26420/26414/26395/26396/26398/26400/18125/18795/18797/12830/18798/110157/15461/16653/20418/17126/20662/20779",46
"mmu04062","mmu04062","Chemokine signaling pathway","64/2188","192/8997",0.0027635486525448,0.00738494513873316,0.00376458639975143,"432530/224129/11512/11514/11515/11651/23797/109689/216869/12927/109880/12540/12928/12929/140580/14083/19229/56484/18479/14688/14693/14696/14701/14702/14704/14677/14678/14679/14682/14784/26385/606496/56637/18747/18749/18751/18753/26413/26417/26395/16151/93742/18795/18797/18803/277360/19878/18798/19353/19354/170758/110157/109905/215449/15461/16653/11848/19877/20418/20662/20779/20846/20848/21844",64
"mmu01522","mmu01522","Endocrine resistance","35/2188","93/8997",0.0027904356950075,0.00739465459176987,0.00376953593886978,"27413/432530/224129/11512/11514/11515/11651/23797/11836/12028/109880/59035/12576/14083/14683/14784/18747/18749/72508/19014/26413/26417/26419/26420/26414/26395/26396/56717/20185/110157/15461/16653/20418/20662/20779",35
"mmu04370","mmu04370","VEGF signaling pathway","24/2188","58/8997",0.00301352288816025,0.00780960483026343,0.00398106303826735,"11651/23797/19058/12540/14083/18750/18751/18752/26413/26417/26395/26396/18803/19055/19056/15507/19353/19354/170758/110157/15461/16653/56632/20779",24
"mmu05213","mmu05213","Endometrial cancer","24/2188","58/8997",0.00301352288816025,0.00780960483026343,0.00398106303826735,"11651/23797/11789/11836/12005/12028/109880/12385/12386/12387/56484/14784/56637/16202/26413/26417/26395/26396/18607/19211/110157/15461/16653/20662",24
"mmu04931","mmu04931","Insulin resistance","40/2188","110/8997",0.00302069620793208,0.00780960483026343,0.00398106303826735,"228966/108097/19082/105787/108079/11651/23797/12894/14583/56637/20525/14936/16367/384783/18751/18753/18754/20111/20112/72508/26419/26420/26414/56717/108155/74551/18607/19045/19046/19211/19246/19247/19268/110078/110095/19309/26457/26569/20848/210789",40
"mmu04270","mmu04270","Vascular smooth muscle contraction","50/2188","144/8997",0.00304870147780536,0.00781844411243634,0.00398556899475404,"11475/432530/224129/11512/11514/11515/11836/16801/69632/109880/12288/70405/14672/14673/14674/14682/14683/16438/18747/18749/16531/18750/18751/18753/18754/18752/26413/26417/26395/26396/77579/71960/17886/17904/216459/107589/17931/18795/18797/232807/19045/19046/234889/19878/213498/109624/18798/110157/11848/19877",50
"mmu00260","mmu00260","Glycine, serine and threonine metabolism","18/2188","40/8997",0.00331880492627546,0.00844303973244476,0.0043039659675488,"110695/17161/109731/12411/107869/13382/14431/104174/76238/26912/18648/56012/12183/108037/257635/236539/107272/27364",18
"mmu04726","mmu04726","Serotonergic synapse","46/2188","131/8997",0.00342060049505866,0.00863294410657661,0.00440077256674213,"224129/17161/109731/11836/109880/12286/12287/12288/12367/13195/14688/14693/14696/14701/14702/14704/14400/14401/14402/14677/14678/14679/14681/14682/14683/16438/18747/18749/16508/16519/16522/18750/18751/18752/26413/26417/26395/18795/18797/18798/74519/56448/110157/15461/16653/15567",46
"mmu04664","mmu04664","Fc epsilon RI signaling pathway","26/2188","66/8997",0.00460492971392669,0.0115304539293597,0.00587782159921019,"11651/23797/14360/14389/14784/18750/26413/26417/26419/26420/26414/26395/26396/26397/26398/26399/26400/18607/18803/19353/19354/170758/110157/15461/16653/20662",26
"mmu05212","mmu05212","Pancreatic cancer","29/2188","76/8997",0.00491623199525004,0.0122137638631993,0.00622614907293179,"11651/23797/11836/73341/12048/12028/109880/12540/16451/72508/26413/26417/26419/26420/26414/26395/56717/16151/19353/19354/170758/110157/56044/64143/16653/19765/17126/20846/20848",29
"mmu04146","mmu04146","Peroxisome","32/2188","86/8997",0.00505809545880774,0.0124687934565958,0.00635615422812234,"19299/80911/14081/74205/50790/216739/228061/17117/12908/12359/58869/56690/15488/28200/23986/67420/76263/15356/13850/15926/269951/17855/17527/20280/67993/71382/19298/19305/18477/54683/20656/113868",32
"mmu00030","mmu00030","Pentose phosphate pathway","15/2188","33/8997",0.00635371648666911,0.0153556674868573,0.00782778150604442,"110208/66171/353204/11674/11676/14381/18641/18642/56421/72157/66681/19139/110639/21351/21881",15
"mmu00051","mmu00051","Fructose and mannose metabolism","16/2188","36/8997",0.00638244986763616,0.0153556674868573,0.00782778150604442,"353204/11674/11676/20322/218138/69080/331026/216019/15275/110119/18641/18642/56421/29858/319801/21991",16
"mmu00920","mmu00920","Sulfur metabolism","7/2188","11/8997",0.0063902569680732,0.0153556674868573,0.00782778150604442,"23827/66071/23971/20341/211389/246221/22117",7
"mmu04918","mmu04918","Thyroid hormone synthesis","28/2188","74/8997",0.00647062717999646,0.0153556674868573,0.00782778150604442,"432530/224129/11512/11514/11515/11657/11928/98660/232975/11931/11932/11933/12330/22027/14682/14683/14828/14782/16438/18747/18749/18750/18751/18752/12304/18795/18797/18798",28
"mmu05214","mmu05214","Glioma","28/2188","74/8997",0.00647062717999646,0.0153556674868573,0.00782778150604442,"11651/23797/11836/12028/109880/70405/108058/14784/52163/12322/12323/12325/12326/18750/18751/18752/26413/26417/26395/26396/56717/18803/19211/110157/15461/16653/20418/20662",28
"mmu00480","mmu00480","Glutathione metabolism","27/2188","72/8997",0.00849661775671198,0.0200142551602549,0.0102025663511395,"110208/66988/14381/110175/207182/625249/14630/14629/14782/14860/76263/14862/14866/14873/14870/14871/15926/269951/14768/56615/66447/75475/11758/20135/20810/20603/66073",27
"mmu05220","mmu05220","Chronic myeloid leukemia","28/2188","76/8997",0.00976658174853402,0.0228365661473075,0.0116412816507294,"11350/11651/23797/11836/12048/12028/110279/109880/12402/12576/12928/12929/13016/14389/14784/433759/15182/26413/26417/26395/26396/16151/19247/110157/15461/16653/20418/20662",28
"mmu00220","mmu00220","Arginine biosynthesis","10/2188","20/8997",0.0112812636724924,0.0261857069186321,0.0133485563239634,"14718/14719/76282/108682/109900/11898/14661/14645/14660/18125",10
"mmu05170","mmu05170","Human immunodeficiency virus 1 infection","74/2188","240/8997",0.0118666178654793,0.0273448150813219,0.0139394290715775,"11651/23797/11764/11765/11767/11769/108012/12048/12028/70405/12317/19058/12367/12631/12632/12928/12929/26965/99375/72584/75717/13063/13067/13194/14083/19229/18479/14688/14693/14696/14701/14702/14704/14672/14677/14678/14679/14681/14682/16438/18750/18751/18752/72508/16885/26409/26413/26417/26419/26420/26414/26395/26396/26397/26399/26400/56717/16151/224105/18481/214230/14827/18803/19055/19056/19353/19354/170758/110157/15461/16653/21402/68652/56480",74
"mmu04145","mmu04145","Phagosome","58/2188","182/8997",0.011981558192189,0.0274110467993965,0.0139731916819168,"11461/12317/12330/12266/12845/12721/13427/13426/235661/234663/13424/110350/216238/18711/22154/15239/16410/16412/16783/17113/18125/225326/271457/19344/19345/19353/20333/100226/53331/22142/22143/22146/22144/22145/53857/238463/545486/22151/73710/22152/22153/227613/67951/22042/21825/21828/11972/22319/11964/11966/66335/73834/11973/66144/66237/108664/11984/11975",58
"mmu00062","mmu00062","Fatty acid elongation","13/2188","29/8997",0.0123790023119026,0.0281180195370359,0.0143335816243083,"26897/171210/70025/56348/97212/231086/93747/15107/26922/19063/106529/75778/52538",13
"mmu05410","mmu05410","Hypertrophic cardiomyopathy","32/2188","91/8997",0.0128797244489869,0.0290478891828215,0.014807596604285,"108097/19082/105787/108079/11461/11937/11938/53313/12293/56808/12294/12288/12295/12297/12298/12300/54376/81905/13346/13405/13726/16772/20541/16403/16404/16410/16412/16773/16905/320910/20191/59069",32
"mmu03250","mmu03250","Viral life cycle - HIV-1","23/2188","61/8997",0.0134771134050572,0.0300122721530668,0.0152992052683624,"12121/76895/12914/75608/432508/269061/218210/15239/17754/17755/270058/18571/23988/268373/101739/19384/19428/19386/20587/320938/22088/116733/103573",23
"mmu05163","mmu05163","Human cytomegalovirus infection","78/2188","256/8997",0.0135449899832659,0.0300122721530668,0.0152992052683624,"432530/224129/11512/11514/11515/11651/23797/16801/69632/12028/12927/70405/12317/19058/12367/12928/12929/12387/13063/13067/14083/19229/14688/14693/14696/14701/14702/14704/14672/14673/14674/14677/14678/14679/14681/14682/14683/14784/56637/16410/16438/16451/18747/18749/18750/18751/18752/72508/26413/26417/26395/26396/26399/56717/16151/14827/18795/18797/19055/19056/19878/213498/18798/19353/19354/170758/110157/15461/16653/19744/11848/19877/20662/20779/20848/56480/64930/22084",78
"mmu04920","mmu04920","Adipocytokine signaling pathway","26/2188","71/8997",0.0135904628617661,0.0300122721530668,0.0152992052683624,"108097/19082/105787/108079/94180/14081/74205/50790/216739/11651/23797/12894/78070/20525/16367/384783/207565/26419/26420/26414/56717/16151/74551/19247/20848/20869",26
"mmu04914","mmu04914","Progesterone-mediated oocyte maturation","32/2188","92/8997",0.0152560384176952,0.0334580704608763,0.017055752568603,"432530/224129/11512/11514/11515/11651/23797/17222/11836/109880/52563/231207/208922/67579/14677/14678/14679/15519/15516/18747/18749/20111/20112/56150/26413/26417/26419/26420/26414/26395/110157/16653",32
"mmu04660","mmu04660","T cell receptor signaling pathway","35/2188","103/8997",0.0168588693818888,0.036720003174251,0.0187185716280525,"11651/23797/19058/208650/12540/13383/14360/18479/14784/19419/56637/26409/26413/26417/26419/26420/26414/26395/26396/26400/17973/17974/16151/224105/18481/214230/18607/18803/19055/19056/110157/15461/16653/11848/20662",35
"mmu04020","mmu04020","Calcium signaling pathway","73/2188","240/8997",0.0171732918933606,0.037150386544821,0.0189379659976909,"14810/12669/432530/11514/11515/11739/11740/65973/11937/11938/53313/67972/11941/12286/12287/12288/12290/70405/19058/13869/108058/19229/20541/14672/14680/14682/14683/14816/108071/228550/16438/18747/18749/52163/12322/12323/12325/12326/18679/102093/18750/18751/18752/215999/107589/14811/18125/18212/18213/269717/18439/18573/18574/18575/18795/18797/18799/18802/18803/19055/19056/105675/381290/320707/18798/20190/20191/56632/20866/116873/22333/22334/22335",73
"mmu04120","mmu04120","Ubiquitin mediated proteolysis","47/2188","147/8997",0.0207619280179994,0.0446100885792149,0.0227406608447504,"17222/12211/12402/208650/52563/56424/26965/71745/26554/99375/72584/75717/13194/235439/56228/230904/15204/67345/59026/16396/83814/17999/28000/22186/78294/56459/50995/21402/74126/69807/14897/216080/22195/22201/22202/22200/231380/22192/53323/93765/217342/268470/22215/140630/63958/107568/66894",47
"mmu01232","mmu01232","Nucleotide metabolism","29/2188","84/8997",0.0224394135889431,0.0475715568085593,0.024250313632963,"76952/109674/11534/11717/11821/22169/66355/229363/14544/23917/23918/16434/11636/11637/56248/11639/229949/66588/21915/79059/18102/18103/18950/11564/11565/11566/55936/20135/68556",29
"mmu03018","mmu03018","RNA degradation","29/2188","84/8997",0.0224394135889431,0.0475715568085593,0.024250313632963,"15510/78893/234594/72068/232791/75901/69305/13209/72162/353190/234699/13806/13807/109075/50911/15526/27756/67678/18458/72587/74108/18641/18642/56421/71701/108077/230721/24127/24128",29
"mmu00564","mmu00564","Glycerophospholipid metabolism","33/2188","98/8997",0.0227782590339584,0.047970108429131,0.0244534812912485,"11423/71760/52858/110911/12647/380921/320127/217480/56077/110197/110524/104418/331374/74182/333433/14555/14571/225010/99010/64898/18777/26394/67216/68671/74451/320951/55979/28169/68262/52123/18807/50767/227333",33
